{
  "categoryName": "开胃菜 & Sides",
  "categories": [
    {
      "categoryID": "294",
      "parentID": "304",
      "subjectID": "7",
      "categoryName": "分类一",
      "categoryDescription": "会做菜的男人,是真的好男人",
      "videosCount": "101",
      "forumCategoryID": "163"
    },
    {
      "categoryID": "285",
      "parentID": "304",
      "subjectID": "7",
      "categoryName": "分类二",
      "categoryDescription": "做完饭还能把碗筷洗了的男人,这世上还有一些.",
      "videosCount": "38",
      "forumCategoryID": "163"
    },
    {
      "categoryID": "337",
      "parentID": "304",
      "subjectID": "7",
      "categoryName": "分类三",
      "categoryDescription": "还能打扫卫生,洗衣服的都快没了.",
      "videosCount": "5",
      "forumCategoryID": "163"
    },
    {
      "categoryID": "301",
      "parentID": "304",
      "subjectID": "7",
      "categoryName": "分类四",
      "categoryDescription": "我算其中一个!",
      "videosCount": "43",
      "forumCategoryID": "163"
    },
    {
      "categoryID": "297",
      "parentID": "304",
      "subjectID": "7",
      "categoryName": "分类五",
      "categoryDescription": "大家要毕业了,祝你们找到早日找到工作.",
      "videosCount": "70",
      "forumCategoryID": "163"
    }
  ]
}